{"treasury_10y":4.667,"real_10y":2.43,"usdkrw":1461.6,"hkd_per_usd":7.8418,"ndx":{"value":28239.09,"changePct":-0.0075811626480391725},"spx":{"value":7411.02,"changePct":0.00036718213142228264},"kospi":{"value":6690.62,"changePct":-0.05724622037147517},"sox":{"value":11916.932,"changePct":-0.034584687516514855},"orcl":{"value":116.97,"changePct":-0.025574815828997847},"dxy":{"value":101.452,"changePct":0.0002168953441587866},"gold":{"value":4063,"changePct":0.004052760823400528},"oil":{"value":89.77,"changePct":-0.026250161376710553},"credit":{"value":79.195,"changePct":-0.00044179421242618625},"inflation":{"value":32.47,"changePct":-0.0012303390833062922},"fg":{"score":39,"rating":"fear"},"fetched_at":"2026-07-24T15:00:34.532Z"}